Folder, Filename
GFand, gfand01
Uright, uright01
Uright, uright02
Uright, uright03
Uright, uright04
Uright, uright05
Uright, uright06
Uright, uright07
Uright, uright08
Uright, uright09
Uright, uright10
Uright, uright11
Uright, uright12
Uright, uright13
Uright, uright14
Uright, uright15
Uright, uright16
Uright, uright17
Uright, uright18
Uright, uright19
Uright, uright20
syft_1, 001
syft_1, 002
syft_1, 003
syft_1, 004
syft_1, 005
syft_1, 006
syft_1, 007
syft_1, 008
syft_1, 009
syft_1, 010
syft_1, 011
syft_1, 012
syft_1, 013
syft_1, 014
syft_1, 015
syft_1, 016
syft_1, 017
syft_1, 018
syft_1, 019
syft_1, 020
syft_1, 021
syft_1, 022
syft_1, 023
syft_1, 024
syft_1, 025
syft_1, 026
syft_1, 027
syft_1, 028
syft_1, 029
syft_1, 030
syft_1, 031
syft_1, 032
syft_1, 033
syft_1, 034
syft_1, 035
syft_1, 036
syft_1, 037
syft_1, 038
syft_1, 039
syft_1, 040
syft_1, 041
syft_1, 042
syft_1, 043
syft_1, 044
syft_1, 045
syft_1, 046
syft_1, 047
syft_1, 048
syft_1, 049
syft_1, 050
syft_1, 051
syft_1, 052
syft_1, 053
syft_1, 054
syft_1, 055
syft_1, 056
syft_1, 057
syft_1, 058
syft_1, 059
syft_1, 060
syft_1, 061
syft_1, 062
syft_1, 063
syft_1, 064
syft_1, 065
syft_1, 066
syft_1, 067
syft_1, 068
syft_1, 069
syft_1, 070
syft_1, 071
syft_1, 072
syft_1, 073
syft_1, 074
syft_1, 075
syft_1, 076
syft_1, 077
syft_1, 078
syft_1, 079
syft_1, 080
syft_1, 081
syft_1, 082
syft_1, 083
syft_1, 084
syft_1, 085
syft_1, 086
syft_1, 087
syft_1, 088
syft_1, 089
syft_1, 090
syft_1, 091
syft_1, 092
syft_1, 093
syft_1, 094
syft_1, 095
syft_1, 096
syft_1, 097
syft_1, 098
syft_1, 099
syft_1, 100
syft_1, 101
syft_1, 102
syft_1, 103
syft_1, 104
syft_1, 105
syft_1, 106
syft_1, 107
syft_1, 108
syft_1, 109
syft_1, 110
syft_1, 111
syft_1, 112
syft_1, 113
syft_1, 114
syft_1, 115
syft_1, 116
syft_1, 117
syft_1, 118
syft_1, 119
syft_1, 120
syft_1, 121
syft_1, 122
syft_1, 123
syft_1, 124
syft_1, 125
syft_1, 126
syft_1, 127
syft_1, 128
syft_1, 129
syft_1, 130
syft_1, 131
syft_1, 132
syft_1, 133
syft_1, 134
syft_1, 135
syft_1, 136
syft_1, 137
syft_1, 138
syft_1, 139
syft_1, 140
syft_1, 141
syft_1, 142
syft_1, 143
syft_1, 144
syft_1, 145
syft_1, 146
syft_1, 147
syft_1, 148
syft_1, 149
syft_1, 150
syft_1, 151
syft_1, 152
syft_1, 153
syft_1, 154
syft_1, 155
syft_1, 156
syft_1, 157
syft_1, 158
syft_1, 159
syft_1, 160
syft_1, 161
syft_1, 162
syft_1, 163
syft_1, 164
syft_1, 165
syft_1, 166
syft_1, 167
syft_1, 168
syft_1, 169
syft_1, 170
syft_1, 171
syft_1, 172
syft_1, 173
syft_1, 174
syft_1, 175
syft_1, 176
syft_1, 177
syft_1, 178
syft_1, 179
syft_1, 180
syft_1, 181
syft_1, 182
syft_1, 183
syft_1, 184
syft_1, 185
syft_1, 186
syft_1, 187
syft_1, 188
syft_1, 189
syft_1, 190
syft_1, 191
syft_1, 192
syft_1, 193
syft_1, 194
syft_1, 195
syft_1, 196
syft_1, 197
syft_1, 198
syft_1, 199
syft_1, 200
t1, f1
t1, f3
t1, f4
t1, f5
t1, f7
t1, f8
t1, f9
t1, f10
t1, f11
t1, f12
t1, f14
t1, f16
t1, f17
t1, f18
t1, f19
t1, f20
t1, f21
t1, f24
t1, f25
t1, f26
t1, f27
t1, f28
t1, f29
t1, f30
t1, f31
t1, f32
t1, f33
t1, f34
t1, f35
t1, f36
t1, f37
t1, f38
t1, f39
t1, f40
t1, f41
t1, f42
t1, f43
t1, f44
t1, f45
t1, f46
t1, f47
t1, f48
t1, f49
t1, f50
t1, f51
t1, f52
t1, f53
t1, f54
t1, f55
t1, f56
t1, f57
t1, f58
t1, f59
t1, f60
t1, f61
t1, f62
t1, f63
t1, f64
t1, f65
t1, f66
t1, f68
t1, f69
t1, f70
t1, f71
t1, f72
t1, f73
t1, f74
t1, f75
t1, f76
t1, f77
t1, f78
t1, f79
t1, f80
t1, f81
t1, f82
t1, f83
t1, f84
t1, f85
t1, f87
t1, f88
t1, f89
t1, f90
t1, f92
t1, f93
t1, f94
t1, f95
t1, f96
t1, f97
t1, f98
t1, f99
t1, f100
t1, f102
t1, f103
t1, f105
t1, f106
t1, f107
t1, f109
t1, f110
t1, f111
t1, f112
t1, f113
t1, f114
t1, f115
t1, f117
t1, f118
t1, f119
t1, f120
t1, f121
t1, f122
t1, f123
t1, f124
t1, f125
t1, f126
t1, f127
t1, f128
t1, f129
t1, f130
t1, f131
t1, f132
t1, f133
t1, f134
t1, f135
t1, f136
t1, f138
t1, f139
t1, f140
t1, f141
t1, f142
t1, f144
t1, f145
t1, f146
t1, f147
t1, f150
t1, f151
t1, f152
t1, f153
t1, f154
t1, f155
t1, f157
t1, f158
t1, f161
t1, f162
t1, f163
t1, f166
t1, f167
t1, f168
t1, f169
t1, f170
t1, f171
t1, f172
t1, f173
t1, f174
t1, f175
t1, f176
t1, f177
t1, f178
t1, f179
t1, f180
t1, f181
t1, f182
t1, f183
t1, f184
t1, f185
t1, f186
t1, f187
t1, f189
t1, f190
t1, f191
t1, f192
t1, f193
t1, f194
t1, f195
t1, f196
t1, f197
t1, f198
t1, f199
t1, f200
t2, f1
t2, f2
t2, f3
t2, f4
t2, f5
t2, f6
t2, f7
t2, f8
t2, f9
t2, f10
t2, f12
t2, f13
t2, f14
t2, f18
t2, f19
t2, f20
t2, f21
t2, f22
t2, f24
t2, f25
t2, f26
t2, f27
t2, f28
t2, f29
t2, f30
t2, f31
t2, f32
t2, f33
t2, f34
t2, f35
t2, f36
t2, f37
t2, f38
t2, f39
t2, f40
t2, f41
t2, f42
t2, f43
t2, f44
t2, f45
t2, f46
t2, f47
t2, f48
t2, f50
t2, f52
t2, f54
t2, f55
t2, f56
t2, f57
t2, f58
t2, f59
t2, f60
t2, f61
t2, f62
t2, f63
t2, f64
t2, f65
t2, f67
t2, f68
t2, f69
t2, f70
t2, f71
t2, f72
t2, f73
t2, f74
t2, f76
t2, f78
t2, f79
t2, f80
t2, f82
t2, f83
t2, f85
t2, f87
t2, f88
t2, f89
t2, f90
t2, f91
t2, f92
t2, f94
t2, f95
t2, f96
t2, f97
t2, f98
t2, f99
t2, f100
t2, f101
t2, f104
t2, f105
t2, f106
t2, f107
t2, f108
t2, f109
t2, f110
t2, f111
t2, f113
t2, f114
t2, f115
t2, f116
t2, f117
t2, f118
t2, f119
t2, f120
t2, f122
t2, f123
t2, f124
t2, f125
t2, f126
t2, f127
t2, f128
t2, f129
t2, f130
t2, f131
t2, f132
t2, f133
t2, f135
t2, f136
t2, f137
t2, f138
t2, f139
t2, f140
t2, f141
t2, f142
t2, f143
t2, f144
t2, f145
t2, f147
t2, f148
t2, f149
t2, f150
t2, f151
t2, f152
t2, f153
t2, f154
t2, f155
t2, f157
t2, f158
t2, f159
t2, f160
t2, f161
t2, f162
t2, f163
t2, f164
t2, f165
t2, f166
t2, f167
t2, f169
t2, f170
t2, f171
t2, f172
t2, f173
t2, f174
t2, f175
t2, f176
t2, f177
t2, f178
t2, f180
t2, f181
t2, f182
t2, f183
t2, f184
t2, f185
t2, f186
t2, f187
t2, f188
t2, f189
t2, f190
t2, f191
t2, f192
t2, f193
t2, f194
t2, f196
t2, f197
t2, f198
t2, f199
t2, f200
t3, f1
t3, f2
t3, f3
t3, f4
t3, f5
t3, f6
t3, f7
t3, f8
t3, f9
t3, f10
t3, f11
t3, f13
t3, f14
t3, f16
t3, f17
t3, f18
t3, f19
t3, f20
t3, f21
t3, f22
t3, f23
t3, f24
t3, f25
t3, f26
t3, f27
t3, f28
t3, f29
t3, f30
t3, f31
t3, f32
t3, f33
t3, f34
t3, f35
t3, f36
t3, f37
t3, f39
t3, f41
t3, f42
t3, f43
t3, f44
t3, f46
t3, f47
t3, f48
t3, f49
t3, f50
t3, f52
t3, f53
t3, f54
t3, f55
t3, f56
t3, f57
t3, f58
t3, f59
t3, f61
t3, f62
t3, f63
t3, f64
t3, f65
t3, f66
t3, f67
t3, f68
t3, f69
t3, f70
t3, f71
t3, f73
t3, f74
t3, f75
t3, f76
t3, f77
t3, f78
t3, f79
t3, f80
t3, f81
t3, f82
t3, f83
t3, f84
t3, f85
t3, f86
t3, f87
t3, f88
t3, f89
t3, f92
t3, f93
t3, f94
t3, f95
t3, f96
t3, f97
t3, f98
t3, f99
t3, f100
t3, f101
t3, f102
t3, f103
t3, f105
t3, f106
t3, f107
t3, f108
t3, f109
t3, f110
t3, f111
t3, f112
t3, f113
t3, f114
t3, f115
t3, f116
t3, f117
t3, f118
t3, f119
t3, f120
t3, f121
t3, f123
t3, f124
t3, f125
t3, f126
t3, f127
t3, f128
t3, f129
t3, f130
t3, f131
t3, f132
t3, f133
t3, f134
t3, f135
t3, f137
t3, f138
t3, f139
t3, f140
t3, f141
t3, f142
t3, f143
t3, f144
t3, f146
t3, f147
t3, f148
t3, f149
t3, f150
t3, f151
t3, f152
t3, f153
t3, f154
t3, f155
t3, f156
t3, f157
t3, f158
t3, f159
t3, f160
t3, f161
t3, f162
t3, f163
t3, f164
t3, f165
t3, f166
t3, f167
t3, f168
t3, f169
t3, f170
t3, f171
t3, f172
t3, f173
t3, f174
t3, f175
t3, f176
t3, f177
t3, f178
t3, f179
t3, f181
t3, f182
t3, f184
t3, f185
t3, f186
t3, f187
t3, f188
t3, f192
t3, f193
t3, f194
t3, f195
t3, f196
t3, f197
t3, f198
t3, f199
t3, f200
t4, f1
t4, f2
t4, f3
t4, f4
t4, f6
t4, f7
t4, f8
t4, f9
t4, f10
t4, f11
t4, f12
t4, f13
t4, f15
t4, f16
t4, f17
t4, f18
t4, f21
t4, f23
t4, f24
t4, f25
t4, f26
t4, f27
t4, f28
t4, f29
t4, f30
t4, f31
t4, f32
t4, f33
t4, f34
t4, f35
t4, f36
t4, f37
t4, f38
t4, f39
t4, f41
t4, f42
t4, f43
t4, f44
t4, f45
t4, f46
t4, f47
t4, f48
t4, f49
t4, f50
t4, f51
t4, f52
t4, f54
t4, f55
t4, f56
t4, f57
t4, f58
t4, f59
t4, f60
t4, f61
t4, f62
t4, f63
t4, f64
t4, f65
t4, f66
t4, f67
t4, f68
t4, f70
t4, f71
t4, f72
t4, f73
t4, f74
t4, f75
t4, f76
t4, f77
t4, f79
t4, f80
t4, f81
t4, f83
t4, f84
t4, f85
t4, f86
t4, f87
t4, f88
t4, f89
t4, f90
t4, f91
t4, f92
t4, f94
t4, f95
t4, f96
t4, f97
t4, f98
t4, f99
t4, f101
t4, f102
t4, f103
t4, f104
t4, f105
t4, f106
t4, f107
t4, f108
t4, f109
t4, f110
t4, f111
t4, f112
t4, f114
t4, f115
t4, f116
t4, f117
t4, f118
t4, f119
t4, f120
t4, f122
t4, f123
t4, f124
t4, f125
t4, f126
t4, f127
t4, f128
t4, f129
t4, f131
t4, f132
t4, f133
t4, f134
t4, f135
t4, f136
t4, f138
t4, f139
t4, f141
t4, f143
t4, f144
t4, f145
t4, f146
t4, f147
t4, f148
t4, f149
t4, f150
t4, f151
t4, f152
t4, f153
t4, f154
t4, f155
t4, f156
t4, f157
t4, f158
t4, f159
t4, f160
t4, f161
t4, f163
t4, f164
t4, f165
t4, f166
t4, f167
t4, f168
t4, f169
t4, f170
t4, f171
t4, f172
t4, f173
t4, f174
t4, f175
t4, f176
t4, f178
t4, f179
t4, f180
t4, f181
t4, f182
t4, f183
t4, f184
t4, f185
t4, f187
t4, f188
t4, f189
t4, f190
t4, f191
t4, f193
t4, f195
t4, f196
t4, f197
t4, f198
t4, f199
t4, f200
t5, f1
t5, f2
t5, f3
t5, f4
t5, f5
t5, f7
t5, f8
t5, f11
t5, f12
t5, f13
t5, f14
t5, f15
t5, f16
t5, f17
t5, f18
t5, f19
t5, f20
t5, f21
t5, f22
t5, f23
t5, f24
t5, f25
t5, f26
t5, f28
t5, f29
t5, f30
t5, f31
t5, f34
t5, f35
t5, f36
t5, f37
t5, f38
t5, f39
t5, f41
t5, f42
t5, f44
t5, f45
t5, f47
t5, f48
t5, f50
t5, f51
t5, f52
t5, f53
t5, f54
t5, f56
t5, f57
t5, f58
t5, f59
t5, f60
t5, f61
t5, f62
t5, f63
t5, f64
t5, f66
t5, f67
t5, f68
t5, f70
t5, f71
t5, f72
t5, f73
t5, f74
t5, f75
t5, f76
t5, f77
t5, f78
t5, f79
t5, f81
t5, f82
t5, f83
t5, f84
t5, f85
t5, f86
t5, f87
t5, f88
t5, f90
t5, f92
t5, f93
t5, f94
t5, f95
t5, f96
t5, f97
t5, f98
t5, f99
t5, f100
t5, f101
t5, f102
t5, f103
t5, f104
t5, f105
t5, f107
t5, f108
t5, f109
t5, f110
t5, f111
t5, f112
t5, f113
t5, f114
t5, f115
t5, f116
t5, f117
t5, f118
t5, f119
t5, f120
t5, f121
t5, f122
t5, f123
t5, f124
t5, f125
t5, f126
t5, f127
t5, f128
t5, f129
t5, f131
t5, f132
t5, f133
t5, f135
t5, f137
t5, f138
t5, f139
t5, f140
t5, f142
t5, f143
t5, f144
t5, f145
t5, f146
t5, f147
t5, f148
t5, f149
t5, f150
t5, f151
t5, f152
t5, f154
t5, f155
t5, f156
t5, f157
t5, f158
t5, f159
t5, f160
t5, f161
t5, f163
t5, f164
t5, f165
t5, f166
t5, f168
t5, f169
t5, f170
t5, f171
t5, f172
t5, f173
t5, f174
t5, f175
t5, f176
t5, f177
t5, f178
t5, f179
t5, f180
t5, f181
t5, f182
t5, f184
t5, f185
t5, f186
t5, f187
t5, f188
t5, f189
t5, f190
t5, f191
t5, f192
t5, f193
t5, f194
t5, f195
t5, f196
t5, f197
t5, f198
t5, f199
t5, f200
t6, f1
t6, f2
t6, f3
t6, f4
t6, f5
t6, f6
t6, f7
t6, f8
t6, f9
t6, f10
t6, f11
t6, f12
t6, f13
t6, f14
t6, f15
t6, f16
t6, f17
t6, f18
t6, f19
t6, f20
t6, f22
t6, f23
t6, f24
t6, f25
t6, f26
t6, f27
t6, f29
t6, f31
t6, f32
t6, f33
t6, f34
t6, f35
t6, f36
t6, f37
t6, f38
t6, f39
t6, f40
t6, f41
t6, f42
t6, f43
t6, f44
t6, f45
t6, f46
t6, f47
t6, f48
t6, f49
t6, f50
t6, f51
t6, f52
t6, f53
t6, f54
t6, f56
t6, f57
t6, f58
t6, f59
t6, f60
t6, f61
t6, f62
t6, f63
t6, f64
t6, f65
t6, f67
t6, f68
t6, f69
t6, f70
t6, f71
t6, f73
t6, f74
t6, f75
t6, f77
t6, f78
t6, f79
t6, f80
t6, f81
t6, f82
t6, f83
t6, f84
t6, f85
t6, f87
t6, f88
t6, f89
t6, f90
t6, f92
t6, f93
t6, f94
t6, f95
t6, f96
t6, f97
t6, f98
t6, f99
t6, f101
t6, f102
t6, f103
t6, f104
t6, f105
t6, f106
t6, f107
t6, f108
t6, f109
t6, f110
t6, f111
t6, f112
t6, f113
t6, f114
t6, f115
t6, f116
t6, f117
t6, f118
t6, f119
t6, f121
t6, f122
t6, f123
t6, f124
t6, f126
t6, f127
t6, f128
t6, f129
t6, f130
t6, f131
t6, f132
t6, f133
t6, f134
t6, f135
t6, f136
t6, f137
t6, f138
t6, f139
t6, f140
t6, f141
t6, f142
t6, f143
t6, f144
t6, f145
t6, f146
t6, f147
t6, f148
t6, f149
t6, f150
t6, f151
t6, f152
t6, f153
t6, f154
t6, f155
t6, f156
t6, f157
t6, f159
t6, f160
t6, f161
t6, f162
t6, f163
t6, f164
t6, f165
t6, f166
t6, f167
t6, f168
t6, f169
t6, f170
t6, f171
t6, f172
t6, f173
t6, f174
t6, f175
t6, f176
t6, f177
t6, f178
t6, f179
t6, f180
t6, f181
t6, f182
t6, f183
t6, f184
t6, f186
t6, f187
t6, f188
t6, f189
t6, f192
t6, f193
t6, f194
t6, f195
t6, f196
t6, f197
t6, f198
t6, f199
t6, f200
t7, f1
t7, f2
t7, f3
t7, f4
t7, f5
t7, f6
t7, f7
t7, f8
t7, f9
t7, f10
t7, f11
t7, f12
t7, f14
t7, f15
t7, f16
t7, f17
t7, f18
t7, f20
t7, f21
t7, f22
t7, f23
t7, f24
t7, f25
t7, f26
t7, f28
t7, f29
t7, f31
t7, f32
t7, f33
t7, f34
t7, f35
t7, f36
t7, f37
t7, f38
t7, f39
t7, f40
t7, f41
t7, f42
t7, f43
t7, f44
t7, f45
t7, f48
t7, f49
t7, f50
t7, f51
t7, f52
t7, f53
t7, f54
t7, f55
t7, f56
t7, f57
t7, f60
t7, f61
t7, f62
t7, f63
t7, f65
t7, f67
t7, f68
t7, f69
t7, f71
t7, f72
t7, f73
t7, f74
t7, f76
t7, f77
t7, f78
t7, f79
t7, f80
t7, f82
t7, f83
t7, f84
t7, f85
t7, f86
t7, f87
t7, f88
t7, f89
t7, f90
t7, f91
t7, f93
t7, f94
t7, f95
t7, f96
t7, f97
t7, f98
t7, f99
t7, f101
t7, f102
t7, f103
t7, f104
t7, f105
t7, f106
t7, f107
t7, f108
t7, f109
t7, f110
t7, f111
t7, f112
t7, f114
t7, f115
t7, f116
t7, f117
t7, f118
t7, f119
t7, f120
t7, f121
t7, f122
t7, f123
t7, f125
t7, f126
t7, f127
t7, f128
t7, f130
t7, f132
t7, f133
t7, f135
t7, f136
t7, f137
t7, f138
t7, f139
t7, f140
t7, f142
t7, f143
t7, f144
t7, f146
t7, f147
t7, f148
t7, f149
t7, f150
t7, f151
t7, f152
t7, f153
t7, f154
t7, f155
t7, f156
t7, f157
t7, f159
t7, f160
t7, f162
t7, f163
t7, f164
t7, f165
t7, f167
t7, f168
t7, f170
t7, f171
t7, f172
t7, f173
t7, f174
t7, f175
t7, f176
t7, f177
t7, f178
t7, f179
t7, f180
t7, f181
t7, f182
t7, f184
t7, f185
t7, f189
t7, f191
t7, f192
t7, f193
t7, f194
t7, f196
t7, f197
t7, f198
t7, f199
t8, f1
t8, f3
t8, f4
t8, f5
t8, f6
t8, f7
t8, f8
t8, f9
t8, f11
t8, f12
t8, f13
t8, f14
t8, f15
t8, f16
t8, f17
t8, f18
t8, f19
t8, f20
t8, f21
t8, f22
t8, f24
t8, f26
t8, f27
t8, f28
t8, f29
t8, f30
t8, f31
t8, f32
t8, f33
t8, f34
t8, f35
t8, f36
t8, f37
t8, f38
t8, f40
t8, f41
t8, f42
t8, f43
t8, f44
t8, f46
t8, f47
t8, f48
t8, f49
t8, f50
t8, f51
t8, f52
t8, f54
t8, f55
t8, f56
t8, f57
t8, f58
t8, f59
t8, f61
t8, f62
t8, f66
t8, f67
t8, f68
t8, f69
t8, f70
t8, f71
t8, f73
t8, f74
t8, f75
t8, f76
t8, f77
t8, f78
t8, f79
t8, f80
t8, f81
t8, f82
t8, f83
t8, f84
t8, f85
t8, f86
t8, f87
t8, f88
t8, f89
t8, f92
t8, f93
t8, f94
t8, f95
t8, f96
t8, f97
t8, f98
t8, f99
t8, f100
t8, f101
t8, f102
t8, f104
t8, f105
t8, f106
t8, f107
t8, f108
t8, f109
t8, f110
t8, f111
t8, f112
t8, f115
t8, f116
t8, f118
t8, f119
t8, f120
t8, f122
t8, f123
t8, f124
t8, f125
t8, f126
t8, f127
t8, f128
t8, f129
t8, f130
t8, f131
t8, f132
t8, f133
t8, f134
t8, f135
t8, f136
t8, f137
t8, f138
t8, f139
t8, f140
t8, f142
t8, f143
t8, f144
t8, f145
t8, f147
t8, f148
t8, f149
t8, f150
t8, f151
t8, f152
t8, f153
t8, f154
t8, f155
t8, f158
t8, f159
t8, f160
t8, f161
t8, f162
t8, f163
t8, f164
t8, f165
t8, f166
t8, f167
t8, f168
t8, f169
t8, f170
t8, f171
t8, f172
t8, f175
t8, f176
t8, f177
t8, f178
t8, f179
t8, f180
t8, f181
t8, f182
t8, f183
t8, f184
t8, f185
t8, f186
t8, f187
t8, f188
t8, f189
t8, f190
t8, f191
t8, f192
t8, f193
t8, f194
t8, f195
t8, f196
t8, f197
t8, f198
t8, f199
t8, f200
t9, f1
t9, f2
t9, f3
t9, f4
t9, f6
t9, f7
t9, f10
t9, f11
t9, f12
t9, f13
t9, f14
t9, f15
t9, f16
t9, f17
t9, f18
t9, f19
t9, f20
t9, f21
t9, f22
t9, f23
t9, f27
t9, f29
t9, f30
t9, f31
t9, f32
t9, f34
t9, f35
t9, f36
t9, f37
t9, f38
t9, f39
t9, f40
t9, f41
t9, f42
t9, f43
t9, f44
t9, f45
t9, f46
t9, f47
t9, f48
t9, f49
t9, f50
t9, f51
t9, f52
t9, f53
t9, f54
t9, f55
t9, f56
t9, f57
t9, f61
t9, f62
t9, f63
t9, f64
t9, f65
t9, f67
t9, f70
t9, f71
t9, f72
t9, f73
t9, f74
t9, f75
t9, f76
t9, f77
t9, f78
t9, f79
t9, f80
t9, f82
t9, f83
t9, f84
t9, f85
t9, f86
t9, f87
t9, f88
t9, f89
t9, f90
t9, f91
t9, f93
t9, f94
t9, f95
t9, f96
t9, f97
t9, f98
t9, f99
t9, f100
t9, f101
t9, f102
t9, f103
t9, f104
t9, f107
t9, f108
t9, f109
t9, f110
t9, f111
t9, f112
t9, f113
t9, f114
t9, f115
t9, f116
t9, f117
t9, f118
t9, f120
t9, f121
t9, f122
t9, f123
t9, f124
t9, f125
t9, f126
t9, f127
t9, f128
t9, f129
t9, f130
t9, f131
t9, f132
t9, f133
t9, f134
t9, f135
t9, f136
t9, f137
t9, f138
t9, f139
t9, f140
t9, f141
t9, f142
t9, f143
t9, f144
t9, f145
t9, f146
t9, f147
t9, f148
t9, f149
t9, f150
t9, f152
t9, f153
t9, f154
t9, f155
t9, f156
t9, f158
t9, f160
t9, f161
t9, f162
t9, f164
t9, f166
t9, f167
t9, f169
t9, f170
t9, f173
t9, f174
t9, f175
t9, f176
t9, f178
t9, f179
t9, f180
t9, f181
t9, f182
t9, f183
t9, f184
t9, f185
t9, f186
t9, f187
t9, f188
t9, f189
t9, f190
t9, f191
t9, f193
t9, f194
t9, f195
t9, f196
t9, f197
t9, f198
t9, f199
t9, f200
